<Asteroids>
	<asteroid name="Small Asteroid" distance="10" mass="100" massVariability="0.5" minLevel="0" probability="25" richness="0.2" richnessVariability="0.5">
		<ore itemStack="minecraft:iron_ore" chance="15" />
		<ore itemStack="minecraft:gold_ore" chance="10" />
		<ore itemStack="minecraft:redstone_ore" chance="5" />
	</asteroid>
	<asteroid name="Medium Asteroid" distance="25" mass="150" massVariability="0.9" minLevel="0" probability="10" richness="0.5" richnessVariability="0.9">
		<ore itemStack="minecraft:iron_ore" chance="25" />
		<ore itemStack="minecraft:gold_ore" chance="19" />
		<ore itemStack="minecraft:redstone_ore" chance="15" />
		<ore itemStack="minecraft:diamond_ore" chance="2" />
	</asteroid>
	<asteroid name="Large Asteroid" distance="50" mass="225" massVariability="0.99" minLevel="0" probability="5" richness="0.9" richnessVariability="0.99">
		<ore itemStack="minecraft:iron_ore" chance="50" />
		<ore itemStack="minecraft:gold_ore" chance="30" />
		<ore itemStack="minecraft:redstone_ore" chance="20" />
		<ore itemStack="minecraft:diamond_ore" chance="7" />
		<ore itemStack="minecraft:iron_block" chance="3" />
	</asteroid>
	<asteroid name="Small Iridium Enriched Asteroid" distance="10" mass="100" massVariability="0.5" minLevel="0" probability="25" richness="0.2" richnessVariability="0.5">
		<ore itemStack="minecraft:iron_ore" chance="20" />
		<ore itemStack="libvulpes:ore0 10" chance="15" />
		<ore itemStack="minecraft:gold_ore" chance="10" />
		<ore itemStack="minecraft:redstone_ore" chance="5" />
	</asteroid>
</Asteroids>