[
  { "name": "iron", "color": 11014674 },
  { "name": "gold", "color": 16176649, "ore": "oreGold", "ingot": "ingotGold", "itemMultiplier": 1 },

  { "name": "adamantine", "color": 5454143, "default": true },
  { "name": "antimony", "color": 14214110, "default": true },
  { "name": "aquarium", "color": 0, "default": true },
  { "name": "bismuth", "color": 14538699, "default": true },
  { "name": "brass", "color": 16769908, "default": true },
  { "name": "bronze", "color": 16229711, "default": true },
  { "name": "coldiron", "color": 13094640, "default": true },
  { "name": "copper", "color": 16752504, "default": true },
  { "name": "cupronickel", "color": 13151087, "default": true },
  { "name": "electrum", "color": 16773811, "default": true },
  { "name": "invar", "color": 13815224, "default": true },
  { "name": "lead", "color": 8092539, "default": true },
  { "name": "mercury", "color": 0, "default": true },
  { "name": "mithril", "color": 16056319, "default": true },
  { "name": "nickel", "color": 15663083, "default": true },
  { "name": "pewter", "color": 9606815, "default": true },
  { "name": "platinum", "color": 15925247, "default": true },
  { "name": "silver", "color": 16777215, "default": true },
  { "name": "starsteel", "color": 5454143, "default": true },
  { "name": "steel", "color": 14017509, "default": true },
  { "name": "tin", "color": 16775150, "default": true },
  { "name": "zinc", "color": 12369084, "default": true },

  { "name": "aluminum", "color": 12961985, "default": true },
  { "name": "aluminum_brass", "color": 15444566, "default": true },
  { "name": "cadmium", "color": 13227226, "default": true },
  { "name": "chromium", "color": 13487567, "default": true },
  { "name": "galvanized_steel", "color": 10200738, "default": true },
  { "name": "iridium", "color": 16313804, "default": true },
  { "name": "magnesium", "color": 8355703, "default": true },
  { "name": "manganese", "color": 16109530, "default": true },
  { "name": "nichrome", "color": 14590036, "default": true },
  { "name": "osmium", "color": 8162969, "default": true },
  { "name": "plutonium", "color": 11744234, "default": true },
  { "name": "rutile", "color": 12554891, "default": true },
  { "name": "stainless_steel", "color": 12959681, "default": true },
  { "name": "tantalum", "color": 12893890, "default": true },
  { "name": "titanium", "color": 7567486, "default": true },
  { "name": "tungsten", "color": 9868950, "default": true },
  { "name": "uranium", "color": 10990405, "default": true },
  { "name": "zirconium", "color": 9607059, "default": true }
]
